[{"id":"1","domaine":"Informatique","formations":"java","session":"14/06/2024"},{"id":"2","domaine":"Informatique","formations":"java","session":"16/06/2024"},{"id":"3","domaine":"Informatique","formations":"java","session":"20/06/2024"},{"id":"4","domaine":"Informatique","formations":"adobe","session":"18/06/2024"},{"id":"5","domaine":"Informatique","formations":"adobe","session":"21/06/2024"},{"id":"6","domaine":"Informatique","formations":"C#","session":"05/06/2024"},{"id":"7","domaine":"Informatique","formations":"C#","session":"06/06/2024"},{"id":"8","domaine":"Informatique","formations":"C#","session":"12/06/2024"},{"id":"9","domaine":"Informatique","formations":"C#","session":"22/06/2024"},{"id":"10","domaine":"Cuisine","formations":"Cassoulet","session":"18/06/2024"},{"id":"11","domaine":"Cuisine","formations":"Cassoulet","session":"19/06/2024"},{"id":"12","domaine":"Cuisine","formations":"Cassoulet","session":"20/06/2024"},{"id":"13","domaine":"Cuisine","formations":"Cassoulet","session":"21/06/2024"},{"id":"14","domaine":"Cuisine","formations":"Cassoulet","session":"23/06/2024"},{"id":"15","domaine":"Cuisine","formations":"Cassoulet","session":"24/06/2024"},{"id":"16","domaine":"Cuisine","formations":"Cassoulet","session":"25/06/2024"},{"id":"17","domaine":"Cuisine","formations":"Cassoulet","session":"27/06/2024"},{"id":"18","domaine":"Cuisine","formations":"Cassoulet","session":"28/06/2024"},{"id":"19","domaine":"Cuisine","formations":"Cassoulet","session":"29/06/2024"},{"id":"20","domaine":"Cuisine","formations":"Cassoulet","session":"30/06/2024"},{"id":"21","domaine":"Cuisine","formations":"Cassoulet","session":"02/07/2024"},{"id":"22","domaine":"Cuisine","formations":"Cassoulet","session":"03/07/2024"},{"id":"23","domaine":"Cuisine","formations":"Cassoulet","session":"04/07/2024"},{"id":"24","domaine":"Cuisine","formations":"Cassoulet","session":"05/07/2024"},{"id":"25","domaine":"Cuisine","formations":"Cassoulet","session":"06/07/2024"},{"id":"26","domaine":"Cuisine","formations":"Cassoulet","session":"07/07/2024"},{"id":"27","domaine":"Cuisine","formations":"Risotto","session":"20/06/2024"},{"id":"28","domaine":"Cuisine","formations":"Risotto","session":"25/06/2024"},{"id":"29","domaine":"Cuisine","formations":"Risotto","session":"26/06/2024"},{"id":"30","domaine":"Cuisine","formations":"Risotto","session":"01/07/2024"},{"id":"31","domaine":"Cuisine","formations":"Risotto","session":"10/07/2024"},{"id":"32","domaine":"Cuisine","formations":"Risotto","session":"16/07/2024"},{"id":"33","domaine":"Cuisine","formations":"Tarte flambée","session":"16/06/2024"},{"id":"34","domaine":"Cuisine","formations":"Tarte flambée","session":"15/07/2024"},{"id":"35","domaine":"Communications","formations":"Débutant","session":"01/06/2024"},{"id":"36","domaine":"Communications","formations":"Débutant","session":"08/06/2024"},{"id":"37","domaine":"Communications","formations":"Débutant","session":"15/06/2024"},{"id":"38","domaine":"Communications","formations":"Avancé","session":"03/06/2024"},{"id":"39","domaine":"Communications","formations":"Avancé","session":"17/06/2024"},{"id":"40","domaine":"Communications","formations":"Expert","session":"01/06/2024"},{"id":"41","domaine":"Communications","formations":"Expert","session":"08/06/2024"},{"id":"42","domaine":"Communications","formations":"Expert","session":"15/06/2024"},{"id":"43","domaine":"Communications","formations":"Expert","session":"22/06/2024"}]